store_url,store_name,store_num,state,stradd,city,lat,long,class,Tobaco,Adult Beverage,Propane,Fresh Produce
https://www.familydollar.com/locations/ga/abbeville/30717/,FAMILY DOLLAR #10717,10717,GA,121 Main Street E,Abbeville,31.9919777,-83.30597313,hideitY,1,1,1,0
https://www.familydollar.com/locations/ga/acworth/30480/,FAMILY DOLLAR #10480,10480,GA,3454 Baker Road,Acworth,34.0762,-84.6506,hideitY,1,0,1,0
https://www.familydollar.com/locations/ga/acworth/25651/,FAMILY DOLLAR #5651,5651,GA,5540 Bells Ferry Rd,Acworth,34.086501,-84.573935,hideitY,1,0,0,0
https://www.familydollar.com/locations/ga/adairsville/24155/,FAMILY DOLLAR #4155,4155,GA,7421 Adairsville Hwy,Adairsville,34.378481,-84.93183,hideitY,1,0,0,0
https://www.familydollar.com/locations/ga/adel/20331/,FAMILY DOLLAR #331,331,GA,507 W 4th St,Adel,31.134967,-83.429704,hideitY,1,1,1,0
https://www.familydollar.com/locations/ga/albany/30958/,FAMILY DOLLAR #10958,10958,GA,2408 Dawson Road,Albany,31.607714,-84.209513,hideitY,1,1,1,0
https://www.familydollar.com/locations/ga/albany/31047/,FAMILY DOLLAR #11047,11047,GA,1000 N Slappey Blvd.,Albany,31.59045378,-84.17576764,hideitY,1,0,1,0
https://www.familydollar.com/locations/ga/albany/31395/,FAMILY DOLLAR #11395,11395,GA,3907 Gillionville Road,Albany,31.58640993,-84.25182338,hideitY,1,0,1,0
https://www.familydollar.com/locations/ga/albany/31463/,FAMILY DOLLAR #11463,11463,GA,1505 N. Maple Street,Albany,31.59683897,-84.11649918,hideitY,1,0,1,0
https://www.familydollar.com/locations/ga/albany/20339/,FAMILY DOLLAR #339,339,GA,211 S Slappy Blvd,Albany,31.574047,-84.176739,hideitY,1,0,1,0
https://www.familydollar.com/locations/ga/albany/20427/,FAMILY DOLLAR #427,427,GA,301 E. Oglethorpe Blvd,Albany,31.57592411,-84.14194818,hideitY,1,0,1,0
https://www.familydollar.com/locations/ga/albany/24873/,FAMILY DOLLAR #4873,4873,GA,110 Cordele Rd,Albany,31.576856,-84.090097,hideitY,1,0,0,0
https://www.familydollar.com/locations/ga/albany/26111/,FAMILY DOLLAR #6111,6111,GA,1031 W Gordon Ave,Albany,31.567242,-84.174229,hideitY,1,0,0,0
https://www.familydollar.com/locations/ga/albany/26485/,FAMILY DOLLAR #6485,6485,GA,1502 Radium Springs Rd,Albany,31.551306,-84.136419,hideitY,1,0,1,0
https://www.familydollar.com/locations/ga/alma/20700/,FAMILY DOLLAR #700,700,GA,902 S Pierce St,Alma,31.535329,-82.462947,hideitY,1,0,1,0
https://www.familydollar.com/locations/ga/americus/20236/,FAMILY DOLLAR #236,236,GA,202 Manhattan St,Americus,32.072215,-84.214979,hideitY,1,0,0,0
https://www.familydollar.com/locations/ga/americus/26162/,FAMILY DOLLAR #6162,6162,GA,1202 Martin Luther King Jr. Bl,Americus,32.083776,-84.240019,hideitY,1,0,1,0
https://www.familydollar.com/locations/ga/athens/20103/,FAMILY DOLLAR #103,103,GA,335 North Avenue,Athens,33.97496,-83.365301,hideitY,1,1,1,0
https://www.familydollar.com/locations/ga/athens/31739/,FAMILY DOLLAR #11739,11739,GA,3870 Old Jefferson Road,Athens,33.98938211,-83.42580285,hideitY,1,1,1,1
https://www.familydollar.com/locations/ga/athens/32036/,FAMILY DOLLAR #12036,12036,GA,995 Winterville Rd,Athens,33.9550048,-83.34404032,hideitY,1,0,0,1
https://www.familydollar.com/locations/ga/athens/23055/,FAMILY DOLLAR #3055,3055,GA,4060 Lexington Rd,Athens,33.93645,-83.32262,hideitY,1,0,0,0
https://www.familydollar.com/locations/ga/atlanta/30676/,FAMILY DOLLAR #10676,10676,GA,2001 James Jackson Pkwy Nw,Atlanta,33.81051337,-84.47579464,hideitY,1,0,0,0
https://www.familydollar.com/locations/ga/atlanta/30677/,FAMILY DOLLAR #10677,10677,GA,4472 Campbellton Road Sw,Atlanta,33.69574463,-84.53451073,hideitY,1,0,1,1
https://www.familydollar.com/locations/ga/atlanta/30761/,FAMILY DOLLAR #10761,10761,GA,226 Ralph David Abernathy Blvd,Atlanta,33.73660892,-84.39558927,hideitY,1,0,0,0
https://www.familydollar.com/locations/ga/atlanta/31425/,FAMILY DOLLAR #11425,11425,GA,1723 Lakewood Avenue Se,Atlanta,33.70686408,-84.38051026,hideitY,1,0,1,1
https://www.familydollar.com/locations/ga/atlanta/31891/,FAMILY DOLLAR #11891,11891,GA,2579 Gresham Road Se,Atlanta,33.7130451,-84.31084609,hideitY,1,0,1,0
https://www.familydollar.com/locations/ga/atlanta/31892/,FAMILY DOLLAR #11892,11892,GA,2925 Headland Dr.,Atlanta,33.69054124,-84.48409391,hideitY,1,0,0,0
https://www.familydollar.com/locations/ga/atlanta/32070/,FAMILY DOLLAR #12070,12070,GA,1932 Metropolitan Pkwy,Atlanta,33.7016258,-84.40765146,hideitY,1,0,0,1
https://www.familydollar.com/locations/ga/atlanta/32123/,FAMILY DOLLAR #12123,12123,GA,1531 Campbellton Rd,Atlanta,33.71335661,-84.43860282,hideitY,1,0,0,1
https://www.familydollar.com/locations/ga/atlanta/21469/,FAMILY DOLLAR #1469,1469,GA,1655 Memorial Drive Se,Atlanta,33.747149,-84.333649,hideitY,1,0,1,1
https://www.familydollar.com/locations/ga/atlanta/21728/,FAMILY DOLLAR #1728,1728,GA,1165 Ralph D Abernathy Blvd Sw,Atlanta,33.739094,-84.425777,hideitY,1,0,0,0
https://www.familydollar.com/locations/ga/atlanta/20231/,FAMILY DOLLAR #231,231,GA,5403 Old National Highway,Atlanta,33.60863706,-84.47196112,hideitY,1,0,1,1
https://www.familydollar.com/locations/ga/atlanta/22349/,FAMILY DOLLAR #2349,2349,GA,3721b Campbellton Rd Sw,Atlanta,33.6913,-84.510315,hideitY,1,0,0,1
https://www.familydollar.com/locations/ga/atlanta/20235/,FAMILY DOLLAR #235,235,GA,2178 Campbellton Rd Sw,Atlanta,33.705162,-84.459492,hideitY,1,0,1,0
https://www.familydollar.com/locations/ga/atlanta/22641/,FAMILY DOLLAR #2641,2641,GA,2522 Bouldercrest Rd Se,Atlanta,33.688482,-84.309232,hideitY,1,0,0,0
https://www.familydollar.com/locations/ga/atlanta/22678/,FAMILY DOLLAR #2678,2678,GA,5425 Riverdale Rd,Atlanta,33.607316,-84.437716,hideitY,1,0,0,0
https://www.familydollar.com/locations/ga/atlanta/24220/,FAMILY DOLLAR #4220,4220,GA,5638 Riverdale Rd,Atlanta,33.601222,-84.427133,hideitY,1,0,0,0
https://www.familydollar.com/locations/ga/atlanta/26030/,FAMILY DOLLAR #6030,6030,GA,2045 D L Hollowell Pkwy Nw,Atlanta,33.7774,-84.45228,hideitY,1,0,0,0
https://www.familydollar.com/locations/ga/atlanta/26151/,FAMILY DOLLAR #6151,6151,GA,3500 Martin Luther Kg Jr Dr Sw,Atlanta,33.757318,-84.502896,hideitY,1,0,0,0
https://www.familydollar.com/locations/ga/atlanta/20634/,FAMILY DOLLAR #634,634,GA,3050 Martin Luther King Dr,Atlanta,33.749715,-84.486808,hideitY,1,0,0,0
https://www.familydollar.com/locations/ga/atlanta/26501/,FAMILY DOLLAR #6501,6501,GA,824 Donald L Hollowell Pkwy Nw,Atlanta,33.772685,-84.414917,hideitY,1,0,0,0
https://www.familydollar.com/locations/ga/atlanta/26509/,FAMILY DOLLAR #6509,6509,GA,565 Joseph E. Lowery Blvd. Sw,Atlanta,33.739702,-84.418234,hideitY,1,0,0,0
https://www.familydollar.com/locations/ga/atlanta/26611/,FAMILY DOLLAR #6611,6611,GA,"455 North Ave., Northeast",Atlanta,33.770693,-84.372124,hideitY,1,0,0,0
https://www.familydollar.com/locations/ga/atlanta/20716/,FAMILY DOLLAR #716,716,GA,1410 Custer Avenue,Atlanta,33.71881724,-84.34173342,hideitY,1,0,1,0
https://www.familydollar.com/locations/ga/atlanta/27189/,FAMILY DOLLAR #7189,7189,GA,1616 Virginia Ave,Atlanta,33.658427,-84.442433,hideitY,1,0,0,0
https://www.familydollar.com/locations/ga/atlanta/27253/,FAMILY DOLLAR #7253,7253,GA,2615 Donald Lee Hollowell Park,Atlanta,33.77605595,-84.47191266,hideitY,1,0,0,0
https://www.familydollar.com/locations/ga/atlanta/27463/,FAMILY DOLLAR #7463,7463,GA,2021 Flat Shoals Rd. Se,Atlanta,33.725001,-84.321984,hideitY,1,0,1,1
https://www.familydollar.com/locations/ga/atlanta/28385/,FAMILY DOLLAR #8385,8385,GA,6385 Old National Hwy,Atlanta,33.581196,-84.472039,hideitY,1,0,0,0
https://www.familydollar.com/locations/ga/atlanta/29097/,FAMILY DOLLAR #9097,9097,GA,2324 Cascade Rd.,Atlanta,33.72178793,-84.46437117,hideitY,1,0,0,1
https://www.familydollar.com/locations/ga/augusta/31528/,FAMILY DOLLAR #11528,11528,GA,3764 Peach Orchard Road,Augusta,33.35721,-82.04394854,hideitY,1,1,1,1
https://www.familydollar.com/locations/ga/augusta/31533/,FAMILY DOLLAR #11533,11533,GA,3211 Old Mcduffie Road,Augusta,33.43516209,-82.08535318,hideitY,1,0,1,1
https://www.familydollar.com/locations/ga/augusta/31567/,FAMILY DOLLAR #11567,11567,GA,1801 Kissingbower Road,Augusta,33.45463887,-82.02213953,hideitY,1,1,0,1
https://www.familydollar.com/locations/ga/augusta/20139/,FAMILY DOLLAR #139,139,GA,2625 Deans Bridge Rd #7,Augusta,33.44032,-82.023703,hideitY,1,0,0,0
https://www.familydollar.com/locations/ga/augusta/21471/,FAMILY DOLLAR #1471,1471,GA,1991 Broad St,Augusta,33.486466,-81.998371,hideitY,1,0,0,1
https://www.familydollar.com/locations/ga/augusta/23008/,FAMILY DOLLAR #3008,3008,GA,3258 Wrightsboro Rd,Augusta,33.467071,-82.065353,hideitY,1,0,0,1
https://www.familydollar.com/locations/ga/augusta/23485/,FAMILY DOLLAR #3485,3485,GA,2716 Peach Orchard Rd,Augusta,33.421332,-82.019099,hideitY,1,0,0,0
https://www.familydollar.com/locations/ga/augusta/20374/,FAMILY DOLLAR #374,374,GA,3352 Deans Bridge Road,Augusta,33.418485,-82.078275,hideitY,1,0,0,0
https://www.familydollar.com/locations/ga/augusta/23854/,FAMILY DOLLAR #3854,3854,GA,3447 Peach Orchard Rd,Augusta,33.391399,-82.027694,hideitY,1,0,1,0
https://www.familydollar.com/locations/ga/augusta/24344/,FAMILY DOLLAR #4344,4344,GA,3709 Mike Padgett Highway,Augusta,33.36740142,-81.9970012,hideitY,1,1,1,0
https://www.familydollar.com/locations/ga/augusta/24402/,FAMILY DOLLAR #4402,4402,GA,1801 Central Ave,Augusta,33.469295,-82.00172,hideitY,1,0,0,0
https://www.familydollar.com/locations/ga/augusta/25438/,FAMILY DOLLAR #5438,5438,GA,825 Laney Walker Blvd,Augusta,33.463838,-81.972245,hideitY,1,0,0,1
https://www.familydollar.com/locations/ga/augusta/26058/,FAMILY DOLLAR #6058,6058,GA,2310 Milledgeville Rd,Augusta,33.446992,-82.007542,hideitY,1,0,0,0
https://www.familydollar.com/locations/ga/augusta/26060/,FAMILY DOLLAR #6060,6060,GA,1713 Walton Way,Augusta,33.475964,-81.995106,hideitY,1,0,1,1
https://www.familydollar.com/locations/ga/augusta/26176/,FAMILY DOLLAR #6176,6176,GA,206 Sand Bar Ferry Rd,Augusta,33.46537,-81.944771,hideitY,1,0,1,0
https://www.familydollar.com/locations/ga/augusta/28564/,FAMILY DOLLAR #8564,8564,GA,2914 Deans Bridge Road,Augusta,33.43050066,-82.04118787,hideitY,1,1,1,0
https://www.familydollar.com/locations/ga/augusta/29308/,FAMILY DOLLAR #9308,9308,GA,2428 Windsor Spring Road,Augusta,33.397928,-82.052238,hideitY,1,0,0,1
https://www.familydollar.com/locations/ga/austell/24370/,FAMILY DOLLAR #4370,4370,GA,361 Six Flags Dr,Austell,33.77766,-84.56803,hideitY,1,0,1,1
https://www.familydollar.com/locations/ga/austell/28649/,FAMILY DOLLAR #8649,8649,GA,"1355 East-West Connector, Ste.",Austell,33.856095,-84.593352,hideitY,1,0,0,0
https://www.familydollar.com/locations/ga/bainbridge/21132/,FAMILY DOLLAR #1132,1132,GA,303 S Scott St,Bainbridge,30.903384,-84.567447,hideitY,1,1,0,0
https://www.familydollar.com/locations/ga/barnesville/20277/,FAMILY DOLLAR #277,277,GA,329 College Dr,Barnesville,33.05242248,-84.15426478,hideitY,1,0,0,0
https://www.familydollar.com/locations/ga/baxley/20351/,FAMILY DOLLAR #351,351,GA,143 E Parker St,Baxley,31.778319,-82.346129,hideitY,1,0,0,0
https://www.familydollar.com/locations/ga/blackshear/20729/,FAMILY DOLLAR #729,729,GA,3515 W Highway 84,Blackshear,31.304525,-82.243238,hideitY,1,0,0,0
https://www.familydollar.com/locations/ga/blakely/22680/,FAMILY DOLLAR #2680,2680,GA,12246 Columbia St,Blakely,31.373903,-84.93855,hideitY,1,0,0,0
https://www.familydollar.com/locations/ga/bowdon/21161/,FAMILY DOLLAR #1161,1161,GA,144 Lovvorn Ave,Bowdon,33.540386,-85.251892,hideitY,1,0,0,0
https://www.familydollar.com/locations/ga/brunswick/24826/,FAMILY DOLLAR #4826,4826,GA,4420 Altama Ave,Brunswick,31.192664,-81.482537,hideitY,1,0,0,0
https://www.familydollar.com/locations/ga/brunswick/20500/,FAMILY DOLLAR #500,500,GA,2014 Norwich St,Brunswick,31.157475,-81.493383,hideitY,1,0,1,0
https://www.familydollar.com/locations/ga/brunswick/27977/,FAMILY DOLLAR #7977,7977,GA,100 Hyde Park Commons,Brunswick,31.142214,-81.586812,hideitY,0,0,1,0
https://www.familydollar.com/locations/ga/buena-vista/30476/,FAMILY DOLLAR #10476,10476,GA,114 S Broad Street,Buena Vista,32.316391,-84.518169,hideitY,1,1,1,0
https://www.familydollar.com/locations/ga/butler/26059/,FAMILY DOLLAR #6059,6059,GA,215 S Broad St,Butler,32.553602,-84.238526,hideitY,1,0,1,0
https://www.familydollar.com/locations/ga/cairo/20422/,FAMILY DOLLAR #422,422,GA,131 Martin Luther King Jr Ave,Cairo,30.874933,-84.210355,hideitY,1,0,0,0
https://www.familydollar.com/locations/ga/calhoun/20290/,FAMILY DOLLAR #290,290,GA,815 S Wall St,Calhoun,34.48603,-84.945388,hideitY,1,0,1,0
https://www.familydollar.com/locations/ga/camilla/20348/,FAMILY DOLLAR #348,348,GA,50 N Scott St,Camilla,31.232781,-84.211605,hideitY,1,0,0,0
https://www.familydollar.com/locations/ga/canton/24697/,FAMILY DOLLAR #4697,4697,GA,241 Marietta Rd,Canton,34.23096,-84.49151,hideitY,1,0,0,0
https://www.familydollar.com/locations/ga/carnesville/31228/,FAMILY DOLLAR #11228,11228,GA,9250 Lavonia Road,Carnesville,34.36740258,-83.24016892,hideitY,1,0,1,0
https://www.familydollar.com/locations/ga/carrollton/20229/,FAMILY DOLLAR #229,229,GA,430 N Park St,Carrollton,33.584439,-85.07881,hideitY,1,0,1,0
https://www.familydollar.com/locations/ga/carrollton/24899/,FAMILY DOLLAR #4899,4899,GA,515 Bankhead Hwy,Carrollton,33.584932,-85.058665,hideitY,1,0,0,0
https://www.familydollar.com/locations/ga/carrollton/28957/,FAMILY DOLLAR #8957,8957,GA,2290 Maple Street,Carrollton,33.560892,-85.115266,hideitY,1,0,1,0
https://www.familydollar.com/locations/ga/cedartown/20276/,FAMILY DOLLAR #276,276,GA,727 S. Main Street,Cedartown,34.00715596,-85.25456006,hideitY,1,0,1,0
https://www.familydollar.com/locations/ga/chamblee/30281/,FAMILY DOLLAR #10281,10281,GA,4949 Buford Hwy.,Chamblee,33.886588,-84.286655,hideitY,1,0,0,0
https://www.familydollar.com/locations/ga/chatsworth/20447/,FAMILY DOLLAR #447,447,GA,500 S 3rd Ave,Chatsworth,34.761633,-84.770543,hideitY,1,0,1,0
https://www.familydollar.com/locations/ga/clarkston/30154/,FAMILY DOLLAR #10154,10154,GA,1125 N Indian Creek Drive,Clarkston,33.809169,-84.241573,hideitY,1,0,1,0
https://www.familydollar.com/locations/ga/clarkston/23475/,FAMILY DOLLAR #3475,3475,GA,4602 E Ponce De Leon Ave,Clarkston,33.819964,-84.228895,hideitY,1,0,0,0
https://www.familydollar.com/locations/ga/claxton/20385/,FAMILY DOLLAR #385,385,GA,7967 Us Highway 301,Claxton,32.17211796,-81.90019656,hideitY,1,1,1,0
https://www.familydollar.com/locations/ga/clayton/20874/,FAMILY DOLLAR #874,874,GA,112 Plaza Way,Clayton,34.876175,-83.399029,hideitY,1,0,0,0
https://www.familydollar.com/locations/ga/college-park/32249/,FAMILY DOLLAR #12249,12249,GA,2461a Riverdale Road,College Park,33.63605509,-84.47015919,hideitY,1,0,0,0
https://www.familydollar.com/locations/ga/colquitt/20794/,FAMILY DOLLAR #794,794,GA,401 E Crawford St,Colquitt,31.166779,-84.725018,hideitY,1,0,1,0
https://www.familydollar.com/locations/ga/columbus/30423/,FAMILY DOLLAR #10423,10423,GA,2323 Hamilton Road,Columbus,32.48670018,-84.98380203,hideitY,1,0,1,0
https://www.familydollar.com/locations/ga/columbus/31402/,FAMILY DOLLAR #11402,11402,GA,906 Amber Drive,Columbus,32.46327405,-84.89198006,hideitY,1,0,1,0
https://www.familydollar.com/locations/ga/columbus/31459/,FAMILY DOLLAR #11459,11459,GA,4011 Forrest Road,Columbus,32.48432858,-84.92400808,hideitY,1,0,1,0
https://www.familydollar.com/locations/ga/columbus/31660/,FAMILY DOLLAR #11660,11660,GA,826 Veterans Parkway,Columbus,32.46227279,-84.98721364,hideitY,1,0,1,0
https://www.familydollar.com/locations/ga/columbus/32619/,FAMILY DOLLAR #12619,12619,GA,2801 Double Churches Road,Columbus,32.552,-84.94966,hideitY,0,0,1,0
https://www.familydollar.com/locations/ga/columbus/21563/,FAMILY DOLLAR #1563,1563,GA,3438 Buena Vista Road,Columbus,32.455952,-84.937052,hideitY,1,0,1,0
https://www.familydollar.com/locations/ga/columbus/20333/,FAMILY DOLLAR #333,333,GA,2112 Floyd Road,Columbus,32.480576,-84.89841,hideitY,1,0,1,0
https://www.familydollar.com/locations/ga/columbus/20418/,FAMILY DOLLAR #418,418,GA,3759 Victory Dr Ste 12,Columbus,32.416631,-84.942485,hideitY,1,0,0,0
https://www.familydollar.com/locations/ga/columbus/24246/,FAMILY DOLLAR #4246,4246,GA,2126 Buena Vista Road,Columbus,32.464405,-84.95954,hideitY,1,0,1,0
https://www.familydollar.com/locations/ga/columbus/25108/,FAMILY DOLLAR #5108,5108,GA,1647 S Lumpkin Rd,Columbus,32.42393,-84.9511,hideitY,1,0,1,0
https://www.familydollar.com/locations/ga/columbus/26827/,FAMILY DOLLAR #6827,6827,GA,3126 Veterans Pkwy,Columbus,32.49349,-84.980831,hideitY,1,0,0,0
https://www.familydollar.com/locations/ga/columbus/28295/,FAMILY DOLLAR #8295,8295,GA,5600 Milgen Rd,Columbus,32.519777,-84.890057,hideitY,1,0,0,0
https://www.familydollar.com/locations/ga/columbus/28860/,FAMILY DOLLAR #8860,8860,GA,810 Fort Benning Road,Columbus,32.43645059,-84.9395229,hideitY,1,0,1,0
https://www.familydollar.com/locations/ga/columbus/29373/,FAMILY DOLLAR #9373,9373,GA,5181 Warm Springs Rd,Columbus,32.537039,-84.904425,hideitY,1,0,1,0
https://www.familydollar.com/locations/ga/columus/25105/,FAMILY DOLLAR #5105,5105,GA,326 Farr Rd,Columus,32.443792,-84.923064,hideitY,1,0,1,0
https://www.familydollar.com/locations/ga/conyers/30212/,FAMILY DOLLAR #10212,10212,GA,1830 Highway 138 Se,Conyers,33.637169,-84.017872,hideitY,1,0,1,0
https://www.familydollar.com/locations/ga/conyers/31602/,FAMILY DOLLAR #11602,11602,GA,2601 Highway 138 Ne,Conyers,33.69352887,-83.95972125,hideitY,1,0,1,1
https://www.familydollar.com/locations/ga/conyers/24224/,FAMILY DOLLAR #4224,4224,GA,1163 West Ave Sw,Conyers,33.667127,-84.026721,hideitY,1,1,0,0
https://www.familydollar.com/locations/ga/conyers/27671/,FAMILY DOLLAR #7671,7671,GA,2460 Salem Road,Conyers,33.62452,-83.976037,hideitY,1,0,1,0
https://www.familydollar.com/locations/ga/conyers/28496/,FAMILY DOLLAR #8496,8496,GA,425 Signman Rd Nw,Conyers,33.685227,-84.001532,hideitY,1,1,0,0
https://www.familydollar.com/locations/ga/cordele/30889/,FAMILY DOLLAR #10889,10889,GA,302 W 24th Avenue,Cordele,31.955391,-83.785005,hideitY,1,0,1,0
https://www.familydollar.com/locations/ga/covington/31714/,FAMILY DOLLAR #11714,11714,GA,3250 Highway 81,Covington,33.54823582,-83.94281172,hideitY,1,0,1,1
https://www.familydollar.com/locations/ga/crawford/23373/,FAMILY DOLLAR #3373,3373,GA,1178 Athens Rd,Crawford,33.882332,-83.157697,hideitY,1,1,1,1
https://www.familydollar.com/locations/ga/cuthbert/20424/,FAMILY DOLLAR #424,424,GA,681 Blakely St,Cuthbert,31.76692592,-84.79093535,hideitY,1,0,0,0
https://www.familydollar.com/locations/ga/dalton/21503/,FAMILY DOLLAR #1503,1503,GA,2410 Cleveland Highway,Dalton,34.819798,-84.94528,hideitY,1,1,0,0
https://www.familydollar.com/locations/ga/dalton/23574/,FAMILY DOLLAR #3574,3574,GA,3901 Cleveland Rd,Dalton,34.896725,-84.947433,hideitY,1,0,0,0
https://www.familydollar.com/locations/ga/dalton/20036/,FAMILY DOLLAR #36,36,GA,1210 E. Morris Street,Dalton,34.767148,-84.950731,hideitY,1,0,1,1
https://www.familydollar.com/locations/ga/dawson/21307/,FAMILY DOLLAR #1307,1307,GA,418 S Main St,Dawson,31.769454,-84.446396,hideitY,1,0,1,0
https://www.familydollar.com/locations/ga/decatur/30491/,FAMILY DOLLAR #10491,10491,GA,3429 Covington Highway,Decatur,33.768936,-84.252697,hideitY,1,0,0,0
https://www.familydollar.com/locations/ga/decatur/31824/,FAMILY DOLLAR #11824,11824,GA,2942 Rainbow Drive,Decatur,33.71023694,-84.26958542,hideitY,1,0,1,0
https://www.familydollar.com/locations/ga/decatur/20511/,FAMILY DOLLAR #511,511,GA,1982 Candler Rd,Decatur,33.733132,-84.28289,hideitY,1,0,0,0
https://www.familydollar.com/locations/ga/decatur/25820/,FAMILY DOLLAR #5820,5820,GA,2415 Dekalb Medical Pky,Decatur,33.716275,-84.146378,hideitY,1,0,0,0
https://www.familydollar.com/locations/ga/decatur/27528/,FAMILY DOLLAR #7528,7528,GA,4787 Covington Hwy,Decatur,33.73721377,-84.21777011,hideitY,1,0,1,1
https://www.familydollar.com/locations/ga/decatur/27641/,FAMILY DOLLAR #7641,7641,GA,3850 Flat Shoals Pkwy,Decatur,33.69575,-84.26241,hideitY,1,0,1,0
https://www.familydollar.com/locations/ga/decatur/28474/,FAMILY DOLLAR #8474,8474,GA,2500 Snapfinger Road,Decatur,33.70682,-84.21715,hideitY,1,0,1,0
https://www.familydollar.com/locations/ga/douglas/20215/,FAMILY DOLLAR #215,215,GA,831 S Peterson Ave,Douglas,31.499586,-82.852009,hideitY,1,0,0,0
https://www.familydollar.com/locations/ga/douglasville/20350/,FAMILY DOLLAR #350,350,GA,6113 Fairburn Rd,Douglasville,33.752519,-84.73232,hideitY,1,0,0,0
https://www.familydollar.com/locations/ga/douglasville/27132/,FAMILY DOLLAR #7132,7132,GA,"4336 Ridge Rd, Ste 101",Douglasville,33.81385,-84.819109,hideitY,1,0,0,0
https://www.familydollar.com/locations/ga/dublin/32539/,FAMILY DOLLAR #12539,12539,GA,921 Hillcrest Parkway,Dublin,32.547607,-82.9324,hideitY,0,0,1,0
https://www.familydollar.com/locations/ga/dublin/20289/,FAMILY DOLLAR #289,289,GA,304 N Jefferson St,Dublin,32.54234,-82.90638,hideitY,1,0,0,0
https://www.familydollar.com/locations/ga/dublin/27342/,FAMILY DOLLAR #7342,7342,GA,1206 Telfair St,Dublin,32.52667485,-82.91406589,hideitY,1,0,1,0
https://www.familydollar.com/locations/ga/eastman/26823/,FAMILY DOLLAR #6823,6823,GA,823 College St,Eastman,32.188749,-83.173698,hideitY,1,0,0,0
https://www.familydollar.com/locations/ga/east-point/30654/,FAMILY DOLLAR #10654,10654,GA,3128 Washington Road,East Point,33.670045,-84.462393,hideitY,1,0,0,0
https://www.familydollar.com/locations/ga/east-point/31615/,FAMILY DOLLAR #11615,11615,GA,4226 Washington Road,East Point,33.640156,-84.49089172,hideitY,1,0,1,0
https://www.familydollar.com/locations/ga/east-point/31696/,FAMILY DOLLAR #11696,11696,GA,3031 Main Street,East Point,33.67248922,-84.44308186,hideitY,1,0,1,0
https://www.familydollar.com/locations/ga/east-point/21788/,FAMILY DOLLAR #1788,1788,GA,2433 Delowe Drive,East Point,33.68909,-84.45818,hideitY,1,0,0,0
https://www.familydollar.com/locations/ga/ellenwood/25315/,FAMILY DOLLAR #5315,5315,GA,156 Fairview Rd,Ellenwood,33.620456,-84.240681,hideitY,1,0,0,0
https://www.familydollar.com/locations/ga/eton/29065/,FAMILY DOLLAR #9065,9065,GA,79-H Highway 286,Eton,34.82569,-84.764635,hideitY,1,0,1,0
https://www.familydollar.com/locations/ga/fairburn/31634/,FAMILY DOLLAR #11634,11634,GA,8370 Senoia Rd,Fairburn,33.52965406,-84.57533155,hideitY,1,0,1,0
https://www.familydollar.com/locations/ga/fairburn/20499/,FAMILY DOLLAR #499,499,GA,100 Nw Broad Street,Fairburn,33.568675,-84.578789,hideitY,1,1,1,0
https://www.familydollar.com/locations/ga/fayetteville/31060/,FAMILY DOLLAR #11060,11060,GA,905b Glynn Street N,Fayetteville,33.4647746,-84.44827662,hideitY,1,0,1,0
https://www.familydollar.com/locations/ga/fayetteville/28582/,FAMILY DOLLAR #8582,8582,GA,12100 County Line Road,Fayetteville,33.426275,-84.401723,hideitY,0,0,1,0
https://www.familydollar.com/locations/ga/fitzgerald/20218/,FAMILY DOLLAR #218,218,GA,179 Ocilla Highway,Fitzgerald,31.69959179,-83.25093332,hideitY,1,0,1,0
https://www.familydollar.com/locations/ga/folkston/20564/,FAMILY DOLLAR #564,564,GA,3650 Second St. S.,Folkston,30.825237,-82.003191,hideitY,1,0,0,0
https://www.familydollar.com/locations/ga/forest-park/23669/,FAMILY DOLLAR #3669,3669,GA,798 Morrow Rd,Forest Park,33.591246,-84.364154,hideitY,1,0,0,0
https://www.familydollar.com/locations/ga/forest-park/20397/,FAMILY DOLLAR #397,397,GA,4735 Jonesboro Rd,Forest Park,33.625196,-84.356023,hideitY,1,0,0,0
https://www.familydollar.com/locations/ga/forest-park/27963/,FAMILY DOLLAR #7963,7963,GA,4018 Jonesboro Rd,Forest Park,33.645464,-84.363642,hideitY,1,0,1,1
https://www.familydollar.com/locations/ga/forest-park/29226/,FAMILY DOLLAR #9226,9226,GA,307 Forest Pkwy,Forest Park,33.620164,-84.379593,hideitY,1,0,1,0
https://www.familydollar.com/locations/ga/forsyth/28366/,FAMILY DOLLAR #8366,8366,GA,173 N. Lee Street,Forsyth,33.039338,-83.937245,hideitY,1,0,0,0
https://www.familydollar.com/locations/ga/fort-oglethorpe/20263/,FAMILY DOLLAR #263,263,GA,767 Battlefield Pkwy,Fort Oglethorpe,34.955255,-85.251693,hideitY,1,0,0,0
https://www.familydollar.com/locations/ga/fort-valley/20246/,FAMILY DOLLAR #246,246,GA,536 Vineville St,Fort Valley,32.559849,-83.892825,hideitY,1,1,0,0
https://www.familydollar.com/locations/ga/franklin/22732/,FAMILY DOLLAR #2732,2732,GA,291 E Court Sq,Franklin,33.278189,-85.097787,hideitY,1,0,0,0
https://www.familydollar.com/locations/ga/gainesville/30650/,FAMILY DOLLAR #10650,10650,GA,1800 Athens Highway,Gainesville,34.28097891,-83.79027494,hideitY,1,0,1,1
https://www.familydollar.com/locations/ga/gainesville/32233/,FAMILY DOLLAR #12233,12233,GA,2941 Mountain View Rd,Gainesville,34.25306704,-83.85784973,hideitY,1,0,0,1
https://www.familydollar.com/locations/ga/gainesville/20014/,FAMILY DOLLAR #14,14,GA,420 Atlanta Highway,Gainesville,34.28173868,-83.83999876,hideitY,1,0,1,0
https://www.familydollar.com/locations/ga/gainesville/26976/,FAMILY DOLLAR #6976,6976,GA,1705 Cleveland Ave,Gainesville,34.328217,-83.815155,hideitY,1,0,1,1
https://www.familydollar.com/locations/ga/garden-city/21809/,FAMILY DOLLAR #1809,1809,GA,4302 Augusta Road,Garden City,32.104183,-81.150024,hideitY,1,0,0,0
https://www.familydollar.com/locations/ga/gordon/20526/,FAMILY DOLLAR #526,526,GA,250 Milledgeville Highway,Gordon,32.882549,-83.332273,hideitY,1,0,1,0
https://www.familydollar.com/locations/ga/greensboro/20507/,FAMILY DOLLAR #507,507,GA,210 N Main St,Greensboro,33.577712,-83.182943,hideitY,1,1,1,0
https://www.familydollar.com/locations/ga/griffin/20267/,FAMILY DOLLAR #267,267,GA,514 W Taylor St,Griffin,33.246792,-84.270982,hideitY,1,0,1,0
https://www.familydollar.com/locations/ga/grovetown/31864/,FAMILY DOLLAR #11864,11864,GA,617 E. Robinson Ave.,Grovetown,33.44218,-82.18477,hideitY,1,0,1,0
https://www.familydollar.com/locations/ga/hampton/25987/,FAMILY DOLLAR #5987,5987,GA,93 Woolsley Rd,Hampton,33.38069,-84.299464,hideitY,1,0,1,1
https://www.familydollar.com/locations/ga/hapeville/25059/,FAMILY DOLLAR #5059,5059,GA,3310 Dogwood Dr,Hapeville,33.663986,-84.408057,hideitY,1,0,0,0
https://www.familydollar.com/locations/ga/harlem/24156/,FAMILY DOLLAR #4156,4156,GA,250 E Milledgeville Road,Harlem,33.41633652,-82.31692391,hideitY,1,0,1,0
https://www.familydollar.com/locations/ga/hartwell/29233/,FAMILY DOLLAR #9233,9233,GA,503 E Franklin Street,Hartwell,34.354115,-82.92073,hideitY,1,0,1,0
https://www.familydollar.com/locations/ga/hawkinsville/20358/,FAMILY DOLLAR #358,358,GA,429 Broad St,Hawkinsville,32.281983,-83.472182,hideitY,1,0,1,0
https://www.familydollar.com/locations/ga/hephzibah/21675/,FAMILY DOLLAR #1675,1675,GA,2510 Tobacco Rd,Hephzibah,33.374887,-82.073581,hideitY,1,0,0,0
https://www.familydollar.com/locations/ga/hephzibah/24383/,FAMILY DOLLAR #4383,4383,GA,4825 Windsor Spring Rd,Hephzibah,33.315195,-82.094598,hideitY,1,0,0,0
https://www.familydollar.com/locations/ga/hephzibah/26612/,FAMILY DOLLAR #6612,6612,GA,2809 Tobacco Rd,Hephzibah,33.388179,-82.101528,hideitY,1,1,1,1
https://www.familydollar.com/locations/ga/hinesville/30979/,FAMILY DOLLAR #10979,10979,GA,5549 W. Oglethorpe Avenue,Hinesville,31.77648122,-81.62912788,hideitY,1,0,1,0
https://www.familydollar.com/locations/ga/hinesville/20381/,FAMILY DOLLAR #381,381,GA,402 S Main St,Hinesville,31.843646,-81.596542,hideitY,1,0,0,0
https://www.familydollar.com/locations/ga/hinesville/24745/,FAMILY DOLLAR #4745,4745,GA,912 Elma G Miles Pkwy,Hinesville,31.82600446,-81.62177448,hideitY,1,0,1,0
https://www.familydollar.com/locations/ga/homerville/20846/,FAMILY DOLLAR #846,846,GA,548 N Church St,Homerville,31.04425719,-82.74990482,hideitY,1,0,0,0
https://www.familydollar.com/locations/ga/hoschton/28706/,FAMILY DOLLAR #8706,8706,GA,6165 Highway 124 W,Hoschton,34.10806583,-83.70508156,hideitY,1,0,0,0
https://www.familydollar.com/locations/ga/hull/32262/,FAMILY DOLLAR #12262,12262,GA,8964 Hwy 29 S,Hull,34.03211222,-83.31621609,hideitY,1,0,1,0
https://www.familydollar.com/locations/ga/jackson/20313/,FAMILY DOLLAR #313,313,GA,669 E 3rd St,Jackson,33.294967,-83.958883,hideitY,1,0,1,0
https://www.familydollar.com/locations/ga/jasper/23509/,FAMILY DOLLAR #3509,3509,GA,55 Burnt Mountain Rd,Jasper,34.470228,-84.427535,hideitY,1,0,0,1
https://www.familydollar.com/locations/ga/jefferson/23393/,FAMILY DOLLAR #3393,3393,GA,1251 Washington St,Jefferson,34.129844,-83.587903,hideitY,1,0,1,0
https://www.familydollar.com/locations/ga/jeffersonville/30904/,FAMILY DOLLAR #10904,10904,GA,13392 Us Highway 80,Jeffersonville,32.688499,-83.349721,hideitY,1,0,1,0
https://www.familydollar.com/locations/ga/jesup/20668/,FAMILY DOLLAR #668,668,GA,970 Sunset Blvd,Jesup,31.606057,-81.908606,hideitY,1,0,0,0
https://www.familydollar.com/locations/ga/jonesboro/30473/,FAMILY DOLLAR #10473,10473,GA,2335 Hwy 138 E,Jonesboro,33.536328,-84.314577,hideitY,1,0,1,0
https://www.familydollar.com/locations/ga/jonesboro/31059/,FAMILY DOLLAR #11059,11059,GA,2923 Mount Zion Road,Jonesboro,33.55480894,-84.29551073,hideitY,1,1,1,1
https://www.familydollar.com/locations/ga/jonesboro/20270/,FAMILY DOLLAR #270,270,GA,830 Spur 138,Jonesboro,33.538834,-84.363686,hideitY,1,1,0,0
https://www.familydollar.com/locations/ga/jonesboro/24238/,FAMILY DOLLAR #4238,4238,GA,8500 Highway 85,Jonesboro,33.522697,-84.422692,hideitY,1,1,0,1
https://www.familydollar.com/locations/ga/jonesboro/26415/,FAMILY DOLLAR #6415,6415,GA,1765 Mundy Mill Rd,Jonesboro,33.485713,-84.338487,hideitY,1,1,1,0
https://www.familydollar.com/locations/ga/jonesboro/26973/,FAMILY DOLLAR #6973,6973,GA,8570a Tara Blvd,Jonesboro,33.520805,-84.362404,hideitY,1,1,0,0
https://www.familydollar.com/locations/ga/jonesboro/28894/,FAMILY DOLLAR #8894,8894,GA,7132 Tara Blvd.,Jonesboro,33.559637,-84.370579,hideitY,1,1,1,1
https://www.familydollar.com/locations/ga/kingsland/23897/,FAMILY DOLLAR #3897,3897,GA,649 S Lee St,Kingsland,30.792795,-81.688294,hideitY,1,1,1,0
https://www.familydollar.com/locations/ga/lagrange/26189/,FAMILY DOLLAR #6189,6189,GA,916 Hogansville Rd (U. S. High,Lagrange,33.047657,-85.013428,hideitY,1,0,1,0
https://www.familydollar.com/locations/ga/la-grange/20620/,FAMILY DOLLAR #620,620,GA,527 S Greenwood St,La Grange,33.032893,-85.034764,hideitY,1,0,1,0
https://www.familydollar.com/locations/ga/lake-park/23231/,FAMILY DOLLAR #3231,3231,GA,1006 Lakes Blvd,Lake Park,30.682446,-83.21648,hideitY,1,0,1,0
https://www.familydollar.com/locations/ga/lavonia/20581/,FAMILY DOLLAR #581,581,GA,12280 Augusta Rd,Lavonia,34.429764,-83.105854,hideitY,1,0,0,0
https://www.familydollar.com/locations/ga/lawrenceville/31394/,FAMILY DOLLAR #11394,11394,GA,1896 Old Norcross Rd,Lawrenceville,33.95152665,-84.0590501,hideitY,1,0,1,0
https://www.familydollar.com/locations/ga/lawrenceville/24576/,FAMILY DOLLAR #4576,4576,GA,2369 Lawrenceville Hwy,Lawrenceville,33.927823,-84.060826,hideitY,1,0,0,0
https://www.familydollar.com/locations/ga/lawrenceville/28213/,FAMILY DOLLAR #8213,8213,GA,1455 Pleasant Hill Rd,Lawrenceville,33.939285,-84.123521,hideitY,1,0,0,0
https://www.familydollar.com/locations/ga/lawrenceville/28557/,FAMILY DOLLAR #8557,8557,GA,2630 Old Norcross Road,Lawrenceville,33.949316,-84.084955,hideitY,1,0,1,0
https://www.familydollar.com/locations/ga/leary/32090/,FAMILY DOLLAR #12090,12090,GA,39292 Mercer Avenue,Leary,31.4847831,-84.51716583,hideitY,1,1,1,0
https://www.familydollar.com/locations/ga/leesburg/30790/,FAMILY DOLLAR #10790,10790,GA,1513 Us Highway 19 South,Leesburg,31.635086,-84.175616,hideitY,1,0,1,0
https://www.familydollar.com/locations/ga/leesburg/26065/,FAMILY DOLLAR #6065,6065,GA,224 Walnut Ave S,Leesburg,31.723567,-84.172719,hideitY,1,0,1,0
https://www.familydollar.com/locations/ga/lincolnton/23407/,FAMILY DOLLAR #3407,3407,GA,192 Elm St,Lincolnton,33.788126,-82.476676,hideitY,1,0,1,0
https://www.familydollar.com/locations/ga/lindale/20660/,FAMILY DOLLAR #660,660,GA,85 Park Avenue,Lindale,34.18743081,-85.1744235,hideitY,1,0,1,0
https://www.familydollar.com/locations/ga/lithia-springs/23408/,FAMILY DOLLAR #3408,3408,GA,3750 Veterans Memorial Hwy,Lithia Springs,33.793281,-84.663831,hideitY,1,0,0,1
https://www.familydollar.com/locations/ga/lithia-springs/28652/,FAMILY DOLLAR #8652,8652,GA,2682 Lee Road,Lithia Springs,33.733226,-84.667506,hideitY,1,0,1,0
https://www.familydollar.com/locations/ga/lithonia/31616/,FAMILY DOLLAR #11616,11616,GA,7042 Covington Hwy,Lithonia,33.71703956,-84.1316263,hideitY,1,0,1,0
https://www.familydollar.com/locations/ga/lithonia/20470/,FAMILY DOLLAR #470,470,GA,6871 Main Street,Lithonia,33.709445,-84.109248,hideitY,1,0,1,0
https://www.familydollar.com/locations/ga/lithonia/27210/,FAMILY DOLLAR #7210,7210,GA,7960 Rockbridge Rd,Lithonia,33.774804,-84.077389,hideitY,1,0,1,0
https://www.familydollar.com/locations/ga/lithonia/27339/,FAMILY DOLLAR #7339,7339,GA,3635 Panola Road,Lithonia,33.678947,-84.178474,hideitY,1,0,1,0
https://www.familydollar.com/locations/ga/lithonia/27600/,FAMILY DOLLAR #7600,7600,GA,2627 Panola Road,Lithonia,33.71200716,-84.16718603,hideitY,1,0,1,0
https://www.familydollar.com/locations/ga/lithonia/28805/,FAMILY DOLLAR #8805,8805,GA,1800 Panola Rd.,Lithonia,33.738696,-84.168535,hideitY,1,0,1,1
https://www.familydollar.com/locations/ga/lovejoy/28515/,FAMILY DOLLAR #8515,8515,GA,11108 Tara Blvd.,Lovejoy,33.452444,-84.325373,hideitY,1,0,1,0
https://www.familydollar.com/locations/ga/ludowici/29186/,FAMILY DOLLAR #9186,9186,GA,12 E Cypress St,Ludowici,31.71371984,-81.7436118,hideitY,1,0,1,0
https://www.familydollar.com/locations/ga/lyons/23073/,FAMILY DOLLAR #3073,3073,GA,170 S Victory Dr,Lyons,32.199834,-82.327796,hideitY,1,0,0,0
https://www.familydollar.com/locations/ga/mableton/30326/,FAMILY DOLLAR #10326,10326,GA,850 Veterans Memorial Hwy Sw,Mableton,33.80592514,-84.53005519,hideitY,1,0,0,0
https://www.familydollar.com/locations/ga/mableton/20364/,FAMILY DOLLAR #364,364,GA,1255 Veterans Mem Hwy Sw #16,Mableton,33.815934,-84.5897,hideitY,1,0,0,0
https://www.familydollar.com/locations/ga/mableton/28456/,FAMILY DOLLAR #8456,8456,GA,6200 Mableton Pkwy Sw Suite 11,Mableton,33.801862,-84.568646,hideitY,1,0,0,1
https://www.familydollar.com/locations/ga/macon/30190/,FAMILY DOLLAR #10190,10190,GA,800 Pio Nono Avenue,Macon,32.839585,-83.661419,hideitY,1,0,0,0
https://www.familydollar.com/locations/ga/macon/30678/,FAMILY DOLLAR #10678,10678,GA,2584 Rocky Creek Road,Macon,32.786409,-83.706573,hideitY,1,0,1,0
https://www.familydollar.com/locations/ga/macon/30791/,FAMILY DOLLAR #10791,10791,GA,3190 Mercer University Drive,Macon,32.82390219,-83.68048172,hideitY,1,0,1,0
https://www.familydollar.com/locations/ga/macon/32176/,FAMILY DOLLAR #12176,12176,GA,4007 Northside Dr,Macon,32.90041,-83.704185,hideitY,1,0,1,0
https://www.familydollar.com/locations/ga/macon/20227/,FAMILY DOLLAR #227,227,GA,2035 Shurling Drive,Macon,32.863194,-83.58935,hideitY,1,0,1,0
https://www.familydollar.com/locations/ga/macon/20253/,FAMILY DOLLAR #253,253,GA,951 Hillcrest Blvd,Macon,32.838141,-83.676243,hideitY,1,0,0,0
https://www.familydollar.com/locations/ga/macon/20382/,FAMILY DOLLAR #382,382,GA,1415 Rocky Creek Rd,Macon,32.789576,-83.669451,hideitY,1,0,0,0
https://www.familydollar.com/locations/ga/macon/24027/,FAMILY DOLLAR #4027,4027,GA,4625 Mercer University Drive,Macon,32.82702,-83.717,hideitY,1,0,1,0
https://www.familydollar.com/locations/ga/macon/24829/,FAMILY DOLLAR #4829,4829,GA,160 Emery Hwy,Macon,32.84880987,-83.62378298,hideitY,1,0,0,0
https://www.familydollar.com/locations/ga/macon/25252/,FAMILY DOLLAR #5252,5252,GA,2529 Houston Ave,Macon,32.814399,-83.645336,hideitY,1,0,1,0
https://www.familydollar.com/locations/ga/macon/25426/,FAMILY DOLLAR #5426,5426,GA,2495 Pio Nono Ave,Macon,32.815628,-83.66337,hideitY,1,0,0,0
https://www.familydollar.com/locations/ga/macon/25728/,FAMILY DOLLAR #5728,5728,GA,4925 Bloomfield Rd,Macon,32.805743,-83.708424,hideitY,1,0,1,0
https://www.familydollar.com/locations/ga/macon/26310/,FAMILY DOLLAR #6310,6310,GA,3656 Jeffersonville Rd,Macon,32.84165,-83.5529,hideitY,1,0,1,0
https://www.familydollar.com/locations/ga/macon/26432/,FAMILY DOLLAR #6432,6432,GA,5615 Houston Rd,Macon,32.747965,-83.672942,hideitY,1,0,0,0
https://www.familydollar.com/locations/ga/macon/28676/,FAMILY DOLLAR #8676,8676,GA,3600 Napier Avenue,Macon,32.84782,-83.688546,hideitY,1,0,1,0
https://www.familydollar.com/locations/ga/macon/29420/,FAMILY DOLLAR #9420,9420,GA,3002 Shurling Drive,Macon,32.865,-83.571195,hideitY,1,0,1,0
https://www.familydollar.com/locations/ga/macon/29431/,FAMILY DOLLAR #9431,9431,GA,3567 Houston Avenue,Macon,32.799817,-83.652407,hideitY,1,0,1,0
https://www.familydollar.com/locations/ga/marietta/30056/,FAMILY DOLLAR #10056,10056,GA,1308 Powder Springs Rd Sw,Marietta,33.920998,-84.5804,hideitY,1,0,1,0
https://www.familydollar.com/locations/ga/marietta/30267/,FAMILY DOLLAR #10267,10267,GA,567 Cobb Parkway N,Marietta,33.96520993,-84.53435383,hideitY,1,0,1,1
https://www.familydollar.com/locations/ga/marietta/22341/,FAMILY DOLLAR #2341,2341,GA,728 Sandtown Rd,Marietta,33.934514,-84.556458,hideitY,1,0,0,0
https://www.familydollar.com/locations/ga/marietta/20363/,FAMILY DOLLAR #363,363,GA,619 S Marietta Pkwy,Marietta,33.944732,-84.533261,hideitY,1,0,0,0
https://www.familydollar.com/locations/ga/marietta/29106/,FAMILY DOLLAR #9106,9106,GA,2051 Austell Road Sw,Marietta,33.903085,-84.566552,hideitY,1,0,1,1
https://www.familydollar.com/locations/ga/martinez/24347/,FAMILY DOLLAR #4347,4347,GA,357 S Belair Rd,Martinez,33.487428,-82.136684,hideitY,1,0,0,0
https://www.familydollar.com/locations/ga/mcdonough/28965/,FAMILY DOLLAR #8965,8965,GA,710 Highway 42 S,McDonough,33.4269075,-84.14492657,hideitY,1,1,1,0
https://www.familydollar.com/locations/ga/mcdonough/29135/,FAMILY DOLLAR #9135,9135,GA,398 Jonesboro Rd,McDonough,33.457579,-84.172518,hideitY,1,0,1,0
https://www.familydollar.com/locations/ga/metter/21227/,FAMILY DOLLAR #1227,1227,GA,240 Se Broad St,Metter,32.396882,-82.059239,hideitY,1,0,0,0
https://www.familydollar.com/locations/ga/midland/32470/,FAMILY DOLLAR #12470,12470,GA,7900 Beaver Run Road,Midland,32.53727,-84.8539,hideitY,0,0,1,0
https://www.familydollar.com/locations/ga/midway/28985/,FAMILY DOLLAR #8985,8985,GA,125 Butler Street,Midway,31.801186,-81.418446,hideitY,1,0,1,0
https://www.familydollar.com/locations/ga/milledgeville/32223/,FAMILY DOLLAR #12223,12223,GA,355 Allen Memorial Dr,Milledgeville,33.05510302,-83.23947,hideitY,1,0,1,1
https://www.familydollar.com/locations/ga/millen/20961/,FAMILY DOLLAR #961,961,GA,710 E Winthrope Ave,Millen,32.803198,-81.938285,hideitY,1,0,0,0
https://www.familydollar.com/locations/ga/monticello/20710/,FAMILY DOLLAR #710,710,GA,209 East Greene Street,Monticello,33.304411,-83.682075,hideitY,1,0,1,1
https://www.familydollar.com/locations/ga/morrow/24107/,FAMILY DOLLAR #4107,4107,GA,2350 Lake Harbin Rd,Morrow,33.583426,-84.313644,hideitY,1,0,1,1
https://www.familydollar.com/locations/ga/morrow/24967/,FAMILY DOLLAR #4967,4967,GA,6715 Merchants Way,Morrow,33.571814,-84.349226,hideitY,1,0,1,0
https://www.familydollar.com/locations/ga/moultrie/31216/,FAMILY DOLLAR #11216,11216,GA,2795 West Boulevard,Moultrie,31.181613,-83.808343,hideitY,1,0,1,0
https://www.familydollar.com/locations/ga/moultrie/20332/,FAMILY DOLLAR #332,332,GA,635 1st Ave Se,Moultrie,31.179263,-83.781024,hideitY,1,0,1,0
https://www.familydollar.com/locations/ga/nahunta/21733/,FAMILY DOLLAR #1733,1733,GA,104 Bryan Street,Nahunta,31.207156,-81.979822,hideitY,1,0,1,0
https://www.familydollar.com/locations/ga/newnan/20318/,FAMILY DOLLAR #318,318,GA,121 Jefferson St,Newnan,33.381353,-84.795443,hideitY,1,0,1,0
https://www.familydollar.com/locations/ga/newnan/24751/,FAMILY DOLLAR #4751,4751,GA,159 Temple Ave Ste A,Newnan,33.383364,-84.813602,hideitY,1,0,0,0
https://www.familydollar.com/locations/ga/nicholls/28959/,FAMILY DOLLAR #8959,8959,GA,200 N Liberty Street,Nicholls,31.517099,-82.634498,hideitY,1,0,1,0
https://www.familydollar.com/locations/ga/norcross/23891/,FAMILY DOLLAR #3891,3891,GA,5345 Jimmy Carter Blvd,Norcross,33.904082,-84.20513,hideitY,1,0,0,0
https://www.familydollar.com/locations/ga/norcross/28049/,FAMILY DOLLAR #8049,8049,GA,"1250 Tech Drive, Suite 480",Norcross,33.915857,-84.164647,hideitY,1,0,0,0
https://www.familydollar.com/locations/ga/norcross/28331/,FAMILY DOLLAR #8331,8331,GA,7050 Jimmy Carter Blvd.,Norcross,33.947102,-84.242072,hideitY,1,0,0,0
https://www.familydollar.com/locations/ga/palmetto/25675/,FAMILY DOLLAR #5675,5675,GA,9145b Roosevelt Blvd,Palmetto,33.529338,-84.660361,hideitY,1,0,0,0
https://www.familydollar.com/locations/ga/pine-mountain/28723/,FAMILY DOLLAR #8723,8723,GA,338 S. Main St.,Pine Mountain,32.860581,-84.852438,hideitY,1,0,1,0
https://www.familydollar.com/locations/ga/pooler/21977/,FAMILY DOLLAR #1977,1977,GA,1017 Highway 80 E Ste 15,Pooler,32.108345,-81.233671,hideitY,1,0,0,0
https://www.familydollar.com/locations/ga/pooler/28572/,FAMILY DOLLAR #8572,8572,GA,1028 Hwy 80 W,Pooler,32.122045,-81.265032,hideitY,1,1,1,0
https://www.familydollar.com/locations/ga/powder-springs/30151/,FAMILY DOLLAR #10151,10151,GA,3824 Powder Springs Rd,Powder Springs,33.860978,-84.665918,hideitY,1,0,1,0
https://www.familydollar.com/locations/ga/powder-springs/31748/,FAMILY DOLLAR #11748,11748,GA,5380 Brownsville Road Sw,Powder Springs,33.8222312,-84.72329183,hideitY,1,0,1,0
https://www.familydollar.com/locations/ga/quitman/20349/,FAMILY DOLLAR #349,349,GA,904 W Screven St,Quitman,30.784654,-83.567895,hideitY,1,0,1,0
https://www.familydollar.com/locations/ga/red-oak/21725/,FAMILY DOLLAR #1725,1725,GA,3435 Roosevelt Hwy Suite C,Red Oak,33.623202,-84.501661,hideitY,1,0,0,0
https://www.familydollar.com/locations/ga/rex/30792/,FAMILY DOLLAR #10792,10792,GA,5960 Highway 42,Rex,33.59187366,-84.29361256,hideitY,1,0,1,0
https://www.familydollar.com/locations/ga/rex/25239/,FAMILY DOLLAR #5239,5239,GA,6463 Highway 42 & 23,Rex,33.576653,-84.281737,hideitY,1,0,0,0
https://www.familydollar.com/locations/ga/richmond-hill/29040/,FAMILY DOLLAR #9040,9040,GA,35 Mulberry Commercial Park,Richmond Hill,31.953109,-81.309154,hideitY,1,0,1,0
https://www.familydollar.com/locations/ga/ringgold/21027/,FAMILY DOLLAR #1027,1027,GA,106 Poplar Springs Rd,Ringgold,34.90666836,-85.13236313,hideitY,1,0,1,0
https://www.familydollar.com/locations/ga/riverdale/30699/,FAMILY DOLLAR #10699,10699,GA,50 Highway 138,Riverdale,33.54103,-84.391912,hideitY,1,0,1,1
https://www.familydollar.com/locations/ga/riverdale/32510/,FAMILY DOLLAR #12510,12510,GA,6690 Highway 85,Riverdale,33.57207,-84.41201,hideitY,1,0,1,0
https://www.familydollar.com/locations/ga/riverdale/22930/,FAMILY DOLLAR #2930,2930,GA,674 Hwy 138,Riverdale,33.547432,-84.413099,hideitY,1,0,0,0
https://www.familydollar.com/locations/ga/riverdale/24367/,FAMILY DOLLAR #4367,4367,GA,7490 Old National Hwy,Riverdale,33.552496,-84.464115,hideitY,1,0,0,1
https://www.familydollar.com/locations/ga/riverdale/28648/,FAMILY DOLLAR #8648,8648,GA,6365 Hwy 85,Riverdale,33.581738,-84.412161,hideitY,1,0,1,0
https://www.familydollar.com/locations/ga/roberta/26285/,FAMILY DOLLAR #6285,6285,GA,492 E Crusselle St,Roberta,32.725022,-84.005482,hideitY,1,0,0,0
https://www.familydollar.com/locations/ga/rockmart/20947/,FAMILY DOLLAR #947,947,GA,402 N Piedmont Ave,Rockmart,33.999847,-85.040855,hideitY,1,1,1,0
https://www.familydollar.com/locations/ga/rocky-face/23983/,FAMILY DOLLAR #3983,3983,GA,2709 Chattanooga Rd,Rocky Face,34.806486,-85.031392,hideitY,1,0,0,0
https://www.familydollar.com/locations/ga/rome/20283/,FAMILY DOLLAR #283,283,GA,1922 Shorter Avenue Nw,Rome,34.27049902,-85.21830238,hideitY,1,1,1,1
https://www.familydollar.com/locations/ga/rossville/22874/,FAMILY DOLLAR #2874,2874,GA,824 Mission Ridge Road,Rossville,34.91606602,-85.31248216,hideitY,1,0,1,0
https://www.familydollar.com/locations/ga/royston/20423/,FAMILY DOLLAR #423,423,GA,705 Cook St,Royston,34.283263,-83.122052,hideitY,1,0,0,0
https://www.familydollar.com/locations/ga/sandersville/20001/,FAMILY DOLLAR#1,1,GA,309 S Harris St,Sandersville,32.978654,-82.810282,hideitY,1,0,1,0
https://www.familydollar.com/locations/ga/sardis/30214/,FAMILY DOLLAR #10214,10214,GA,626a Charles Perry Avenue,Sardis,32.973358,-81.75591,hideitY,1,1,1,0
https://www.familydollar.com/locations/ga/savannah/31865/,FAMILY DOLLAR #11865,11865,GA,42 W Montgomery Crossroads,Savannah,31.99927448,-81.12384,hideitY,1,0,0,0
https://www.familydollar.com/locations/ga/savannah/22918/,FAMILY DOLLAR #2918,2918,GA,1900 E Victory Dr,Savannah,32.046044,-81.067682,hideitY,1,0,0,0
https://www.familydollar.com/locations/ga/savannah/20315/,FAMILY DOLLAR #315,315,GA,702 Wheaton Street,Savannah,32.071457,-81.082943,hideitY,1,0,1,0
https://www.familydollar.com/locations/ga/savannah/20356/,FAMILY DOLLAR #356,356,GA,3308 Ogeechee Rd (U.S. Highway,Savannah,32.054292,-81.136277,hideitY,1,0,1,0
https://www.familydollar.com/locations/ga/savannah/20426/,FAMILY DOLLAR #426,426,GA,60 E Derenne Ave,Savannah,32.02904,-81.10885,hideitY,1,0,0,0
https://www.familydollar.com/locations/ga/savannah/28034/,FAMILY DOLLAR #8034,8034,GA,"4601 Skidway Rd., Ste. A",Savannah,32.027468,-81.071224,hideitY,1,0,0,0
https://www.familydollar.com/locations/ga/savannah/28642/,FAMILY DOLLAR #8642,8642,GA,1064 King George Blvd,Savannah,31.9846,-81.221046,hideitY,1,0,1,0
https://www.familydollar.com/locations/ga/savannah/28738/,FAMILY DOLLAR #8738,8738,GA,3107 Montgomery Ave,Savannah,32.04991762,-81.1081047,hideitY,1,0,1,0
https://www.familydollar.com/locations/ga/savannah/29019/,FAMILY DOLLAR #9019,9019,GA,610 Martin Luther King Blvd,Savannah,32.0702899,-81.10074082,hideitY,1,0,0,0
https://www.familydollar.com/locations/ga/savannah/29157/,FAMILY DOLLAR #9157,9157,GA,702 W Oglethorpe Avenue,Savannah,32.07961345,-81.10115409,hideitY,1,0,0,0
https://www.familydollar.com/locations/ga/scottdale/31635/,FAMILY DOLLAR #11635,11635,GA,3460 E Ponce De Leon Avenue,Scottdale,33.79581216,-84.26280318,hideitY,1,0,1,0
https://www.familydollar.com/locations/ga/screven/29429/,FAMILY DOLLAR #9429,9429,GA,101 Broadhurst Road,Screven,31.486259,-82.016868,hideitY,1,0,1,0
https://www.familydollar.com/locations/ga/smyrna/23075/,FAMILY DOLLAR #3075,3075,GA,3791 S Cobb Dr Se Ste H,Smyrna,33.861594,-84.517291,hideitY,1,0,0,0
https://www.familydollar.com/locations/ga/smyrna/23143/,FAMILY DOLLAR #3143,3143,GA,2500 Cobb Dr Se Ste F,Smyrna,33.89135,-84.539459,hideitY,1,0,0,0
https://www.familydollar.com/locations/ga/smyrna/27527/,FAMILY DOLLAR #7527,7527,GA,2393 Spring Rd Se,Smyrna,33.88402,-84.48454,hideitY,1,0,1,0
https://www.familydollar.com/locations/ga/snellville/31178/,FAMILY DOLLAR #11178,11178,GA,3193 Stone Mountain Highway,Snellville,33.85210891,-84.04385708,hideitY,1,0,1,0
https://www.familydollar.com/locations/ga/snellville/32308/,FAMILY DOLLAR #12308,12308,GA,3295 Hwy 124,Snellville,33.8134012,-84.04238703,hideitY,1,0,1,0
https://www.familydollar.com/locations/ga/sparta/21936/,FAMILY DOLLAR #1936,1936,GA,602 Spring St,Sparta,33.274905,-82.974882,hideitY,1,0,1,0
https://www.familydollar.com/locations/ga/springfield/23064/,FAMILY DOLLAR #3064,3064,GA,809 S Laurel St,Springfield,32.361344,-81.305198,hideitY,1,1,1,1
https://www.familydollar.com/locations/ga/statesboro/30436/,FAMILY DOLLAR #10436,10436,GA,20 Veterans Plaza,Statesboro,32.417135,-81.802364,hideitY,1,1,1,1
https://www.familydollar.com/locations/ga/statesboro/20383/,FAMILY DOLLAR #383,383,GA,2538 Northside Drive W,Statesboro,32.455868,-81.78768,hideitY,1,0,1,0
https://www.familydollar.com/locations/ga/stonecrest/32488/,FAMILY DOLLAR #12488,12488,GA,3332 Snapfinger Road,Stonecrest,33.6848,-84.19905,hideitY,0,0,1,0
https://www.familydollar.com/locations/ga/stone-mountain/30681/,FAMILY DOLLAR #10681,10681,GA,4615 Rockbridge Road,Stone Mountain,33.785969,-84.204799,hideitY,1,0,1,0
https://www.familydollar.com/locations/ga/stone-mountain/22602/,FAMILY DOLLAR #2602,2602,GA,4812c Redan Rd,Stone Mountain,33.762958,-84.194867,hideitY,1,0,0,0
https://www.familydollar.com/locations/ga/stone-mountain/27203/,FAMILY DOLLAR #7203,7203,GA,7184 Rockbridge Rd,Stone Mountain,33.785826,-84.103736,hideitY,1,0,0,0
https://www.familydollar.com/locations/ga/stone-mountain/27459/,FAMILY DOLLAR #7459,7459,GA,6130 Memorial Drive,Stone Mountain,33.805206,-84.18964,hideitY,1,0,1,1
https://www.familydollar.com/locations/ga/stone-mountain/28168/,FAMILY DOLLAR #8168,8168,GA,4104 Redan Rd,Stone Mountain,33.764813,-84.222033,hideitY,1,0,0,0
https://www.familydollar.com/locations/ga/summerville/20178/,FAMILY DOLLAR #178,178,GA,10205 Commerce Street,Summerville,34.48352,-85.346756,hideitY,1,0,1,0
https://www.familydollar.com/locations/ga/swainsboro/20183/,FAMILY DOLLAR #183,183,GA,501 South Main St,Swainsboro,32.586308,-82.32191,hideitY,1,0,0,0
https://www.familydollar.com/locations/ga/sylvania/20226/,FAMILY DOLLAR #226,226,GA,311 W Ogeechee St,Sylvania,32.749018,-81.638505,hideitY,1,0,1,0
https://www.familydollar.com/locations/ga/tallapoosa/22053/,FAMILY DOLLAR #2053,2053,GA,6 Robertson Ave,Tallapoosa,33.745035,-85.289519,hideitY,1,0,1,0
https://www.familydollar.com/locations/ga/thomaston/20324/,FAMILY DOLLAR #324,324,GA,532 N Center St,Thomaston,32.896675,-84.326538,hideitY,1,0,1,0
https://www.familydollar.com/locations/ga/thomasville/26132/,FAMILY DOLLAR #6132,6132,GA,718 W Jackson St,Thomasville,30.829129,-83.986526,hideitY,1,0,1,0
https://www.familydollar.com/locations/ga/thomasville/29020/,FAMILY DOLLAR #9020,9020,GA,2004 Smith Avenue,Thomasville,30.83449127,-83.94895975,hideitY,1,0,1,0
https://www.familydollar.com/locations/ga/thomson/20160/,FAMILY DOLLAR #160,160,GA,675 Main St,Thomson,33.482581,-82.506829,hideitY,1,0,0,0
https://www.familydollar.com/locations/ga/thomson/23694/,FAMILY DOLLAR #3694,3694,GA,324 W Hill St,Thomson,33.462085,-82.506761,hideitY,1,0,0,0
https://www.familydollar.com/locations/ga/tifton/20384/,FAMILY DOLLAR #384,384,GA,614 Love Ave,Tifton,31.458946,-83.508485,hideitY,1,0,0,0
https://www.familydollar.com/locations/ga/tifton/25729/,FAMILY DOLLAR #5729,5729,GA,409 7th St W,Tifton,31.451825,-83.5189,hideitY,1,0,1,0
https://www.familydollar.com/locations/ga/toccoa/20107/,FAMILY DOLLAR #107,107,GA,35 Glendale Drive,Toccoa,34.573892,-83.31098,hideitY,1,0,0,0
https://www.familydollar.com/locations/ga/tucker/22394/,FAMILY DOLLAR #2394,2394,GA,3201 Tucker Norcross Rd Ste B2,Tucker,33.88413,-84.21911,hideitY,1,0,0,0
https://www.familydollar.com/locations/ga/tucker/25607/,FAMILY DOLLAR #5607,5607,GA,3855 Lawrenceville Hwy,Tucker,33.848111,-84.224123,hideitY,1,0,0,0
https://www.familydollar.com/locations/ga/union-city/31580/,FAMILY DOLLAR #11580,11580,GA,3985 Flat Shoals Road,Union City,33.58770628,-84.51848225,hideitY,1,0,1,0
https://www.familydollar.com/locations/ga/union-city/25868/,FAMILY DOLLAR #5868,5868,GA,4960 Roosevelt Hwy,Union City,33.595413,-84.549133,hideitY,1,0,1,1
https://www.familydollar.com/locations/ga/valdosta/30742/,FAMILY DOLLAR #10742,10742,GA,3820 Inner Perimeter Rd,Valdosta,30.882082,-83.266597,hideitY,1,0,1,0
https://www.familydollar.com/locations/ga/valdosta/20420/,FAMILY DOLLAR #420,420,GA,1905 North Ashley Street,Valdosta,30.856118,-83.28022,hideitY,1,0,1,0
https://www.familydollar.com/locations/ga/valdosta/25800/,FAMILY DOLLAR #5800,5800,GA,512 E Central Ave,Valdosta,30.833889,-83.272303,hideitY,1,0,1,0
https://www.familydollar.com/locations/ga/valdosta/28389/,FAMILY DOLLAR #8389,8389,GA,964 N. St. Augustine Rd,Valdosta,30.83709,-83.318022,hideitY,1,0,0,0
https://www.familydollar.com/locations/ga/vidalia/20241/,FAMILY DOLLAR #241,241,GA,1101h E First St,Vidalia,32.211436,-82.401606,hideitY,1,1,0,0
https://www.familydollar.com/locations/ga/vienna/30176/,FAMILY DOLLAR #10176,10176,GA,201 N. 3rd Street,Vienna,32.09305763,-83.7965983,hideitY,1,0,1,0
https://www.familydollar.com/locations/ga/villa-rica/32190/,FAMILY DOLLAR #12190,12190,GA,9591 Conners Rd,Villa Rica,33.731457,-84.89932,hideitY,1,0,1,0
https://www.familydollar.com/locations/ga/villa-rica/20492/,FAMILY DOLLAR #492,492,GA,451 W Bankhead Hwy,Villa Rica,33.733367,-84.929619,hideitY,1,0,0,0
https://www.familydollar.com/locations/ga/wadley/26061/,FAMILY DOLLAR #6061,6061,GA,60 Butts St,Wadley,32.862503,-82.402763,hideitY,1,0,0,0
https://www.familydollar.com/locations/ga/warner-robins/20228/,FAMILY DOLLAR #228,228,GA,562 N Davis Dr,Warner Robins,32.632945,-83.611919,hideitY,1,0,0,0
https://www.familydollar.com/locations/ga/warner-robins/23771/,FAMILY DOLLAR #3771,3771,GA,827 N Houston Rd,Warner Robins,32.63395,-83.643081,hideitY,1,0,0,0
https://www.familydollar.com/locations/ga/warner-robins/24558/,FAMILY DOLLAR #4558,4558,GA,2030 Watson Boulevard,Warner Robins,32.61893222,-83.65040374,hideitY,1,0,1,0
https://www.familydollar.com/locations/ga/warner-robins/24580/,FAMILY DOLLAR #4580,4580,GA,1000 Russell Pkwy,Warner Robins,32.594397,-83.643045,hideitY,1,0,1,0
https://www.familydollar.com/locations/ga/warrenton/24293/,FAMILY DOLLAR #4293,4293,GA,1156 Legion Dr,Warrenton,33.401741,-82.667458,hideitY,1,0,1,0
https://www.familydollar.com/locations/ga/watkinsville/28137/,FAMILY DOLLAR #8137,8137,GA,2061 Hog Mountain Road,Watkinsville,33.873749,-83.438825,hideitY,1,0,0,0
https://www.familydollar.com/locations/ga/waycross/20694/,FAMILY DOLLAR #694,694,GA,578 State St,Waycross,31.21847,-82.357752,hideitY,1,0,0,0
https://www.familydollar.com/locations/ga/waycross/29115/,FAMILY DOLLAR #9115,9115,GA,2000 South Georgia Parkway Wes,Waycross,31.20947887,-82.38919748,hideitY,1,0,1,0
https://www.familydollar.com/locations/ga/waynesboro/20117/,FAMILY DOLLAR #117,117,GA,110 E 7th St,Waynesboro,33.09146867,-82.01611454,hideitY,1,0,1,0
https://www.familydollar.com/locations/ga/winder/20105/,FAMILY DOLLAR #105,105,GA,208 N Broad St #G,Winder,33.998932,-83.712805,hideitY,1,0,0,0
https://www.familydollar.com/locations/ga/wrightsville/21047/,FAMILY DOLLAR #1047,1047,GA,212 W Trilby St,Wrightsville,32.732077,-82.721924,hideitY,1,0,1,0
https://www.familydollar.com/locations/ga/alamo/32857/,NA,NA,NA,NA,NA,NA,NA,NA,NA,NA,NA,NA
https://www.familydollar.com/locations/ga/atlanta/32612/,NA,NA,NA,NA,NA,NA,NA,NA,NA,NA,NA,NA
https://www.familydollar.com/locations/ga/augusta/33763/,NA,NA,NA,NA,NA,NA,NA,NA,NA,NA,NA,NA
https://www.familydollar.com/locations/ga/chatsworth/33791/,NA,NA,NA,NA,NA,NA,NA,NA,NA,NA,NA,NA
https://www.familydollar.com/locations/ga/cochran/32852/,NA,NA,NA,NA,NA,NA,NA,NA,NA,NA,NA,NA
https://www.familydollar.com/locations/ga/columbus/32160/,NA,NA,NA,NA,NA,NA,NA,NA,NA,NA,NA,NA
https://www.familydollar.com/locations/ga/columbus/32630/,NA,NA,NA,NA,NA,NA,NA,NA,NA,NA,NA,NA
https://www.familydollar.com/locations/ga/columbus/32685/,NA,NA,NA,NA,NA,NA,NA,NA,NA,NA,NA,NA
https://www.familydollar.com/locations/ga/concord/32997/,NA,NA,NA,NA,NA,NA,NA,NA,NA,NA,NA,NA
https://www.familydollar.com/locations/ga/cordele/32903/,NA,NA,NA,NA,NA,NA,NA,NA,NA,NA,NA,NA
https://www.familydollar.com/locations/ga/cordele/33808/,NA,NA,NA,NA,NA,NA,NA,NA,NA,NA,NA,NA
https://www.familydollar.com/locations/ga/crawfordville/32698/,NA,NA,NA,NA,NA,NA,NA,NA,NA,NA,NA,NA
https://www.familydollar.com/locations/ga/cusseta/32990/,NA,NA,NA,NA,NA,NA,NA,NA,NA,NA,NA,NA
https://www.familydollar.com/locations/ga/dallas/33484/,NA,NA,NA,NA,NA,NA,NA,NA,NA,NA,NA,NA
https://www.familydollar.com/locations/ga/dallas/28826/,NA,NA,NA,NA,NA,NA,NA,NA,NA,NA,NA,NA
https://www.familydollar.com/locations/ga/darien/32692/,NA,NA,NA,NA,NA,NA,NA,NA,NA,NA,NA,NA
https://www.familydollar.com/locations/ga/dearing/32532/,NA,NA,NA,NA,NA,NA,NA,NA,NA,NA,NA,NA
https://www.familydollar.com/locations/ga/decatur/33758/,NA,NA,NA,NA,NA,NA,NA,NA,NA,NA,NA,NA
https://www.familydollar.com/locations/ga/donalsonville/32810/,NA,NA,NA,NA,NA,NA,NA,NA,NA,NA,NA,NA
https://www.familydollar.com/locations/ga/donalsonville/20930/,NA,NA,NA,NA,NA,NA,NA,NA,NA,NA,NA,NA
https://www.familydollar.com/locations/ga/douglasville/32663/,NA,NA,NA,NA,NA,NA,NA,NA,NA,NA,NA,NA
https://www.familydollar.com/locations/ga/edison/32998/,NA,NA,NA,NA,NA,NA,NA,NA,NA,NA,NA,NA
https://www.familydollar.com/locations/ga/ellaville/32721/,NA,NA,NA,NA,NA,NA,NA,NA,NA,NA,NA,NA
https://www.familydollar.com/locations/ga/fort-gaines/33587/,NA,NA,NA,NA,NA,NA,NA,NA,NA,NA,NA,NA
https://www.familydollar.com/locations/ga/gibson/33815/,NA,NA,NA,NA,NA,NA,NA,NA,NA,NA,NA,NA
https://www.familydollar.com/locations/ga/glennville/33478/,NA,NA,NA,NA,NA,NA,NA,NA,NA,NA,NA,NA
https://www.familydollar.com/locations/ga/glennville/20845/,NA,NA,NA,NA,NA,NA,NA,NA,NA,NA,NA,NA
https://www.familydollar.com/locations/ga/griffin/32213/,NA,NA,NA,NA,NA,NA,NA,NA,NA,NA,NA,NA
https://www.familydollar.com/locations/ga/hephzibah/33105/,NA,NA,NA,NA,NA,NA,NA,NA,NA,NA,NA,NA
https://www.familydollar.com/locations/ga/hinesville/27912/,NA,NA,NA,NA,NA,NA,NA,NA,NA,NA,NA,NA
https://www.familydollar.com/locations/ga/hogansville/32665/,NA,NA,NA,NA,NA,NA,NA,NA,NA,NA,NA,NA
https://www.familydollar.com/locations/ga/homerville/33934/,NA,NA,NA,NA,NA,NA,NA,NA,NA,NA,NA,NA
https://www.familydollar.com/locations/ga/lawrenceville/33405/,NA,NA,NA,NA,NA,NA,NA,NA,NA,NA,NA,NA
https://www.familydollar.com/locations/ga/louisville/32547/,NA,NA,NA,NA,NA,NA,NA,NA,NA,NA,NA,NA
https://www.familydollar.com/locations/ga/lumpkin/33463/,NA,NA,NA,NA,NA,NA,NA,NA,NA,NA,NA,NA
https://www.familydollar.com/locations/ga/luthersville/32778/,NA,NA,NA,NA,NA,NA,NA,NA,NA,NA,NA,NA
https://www.familydollar.com/locations/ga/manchester/20448/,NA,NA,NA,NA,NA,NA,NA,NA,NA,NA,NA,NA
https://www.familydollar.com/locations/ga/milledgeville/20425/,NA,NA,NA,NA,NA,NA,NA,NA,NA,NA,NA,NA
https://www.familydollar.com/locations/ga/monroe/20209/,NA,NA,NA,NA,NA,NA,NA,NA,NA,NA,NA,NA
https://www.familydollar.com/locations/ga/mount-vernon/22928/,NA,NA,NA,NA,NA,NA,NA,NA,NA,NA,NA,NA
https://www.familydollar.com/locations/ga/newnan/28064/,NA,NA,NA,NA,NA,NA,NA,NA,NA,NA,NA,NA
https://www.familydollar.com/locations/ga/pearson/28737/,NA,NA,NA,NA,NA,NA,NA,NA,NA,NA,NA,NA
https://www.familydollar.com/locations/ga/pelham/33465/,NA,NA,NA,NA,NA,NA,NA,NA,NA,NA,NA,NA
https://www.familydollar.com/locations/ga/pembroke/33471/,NA,NA,NA,NA,NA,NA,NA,NA,NA,NA,NA,NA
https://www.familydollar.com/locations/ga/portal/33876/,NA,NA,NA,NA,NA,NA,NA,NA,NA,NA,NA,NA
https://www.familydollar.com/locations/ga/porterdale/27979/,NA,NA,NA,NA,NA,NA,NA,NA,NA,NA,NA,NA
https://www.familydollar.com/locations/ga/port-wentworth/27927/,NA,NA,NA,NA,NA,NA,NA,NA,NA,NA,NA,NA
https://www.familydollar.com/locations/ga/ray-city/33705/,NA,NA,NA,NA,NA,NA,NA,NA,NA,NA,NA,NA
https://www.familydollar.com/locations/ga/rochelle/33773/,NA,NA,NA,NA,NA,NA,NA,NA,NA,NA,NA,NA
https://www.familydollar.com/locations/ga/rome/21139/,NA,NA,NA,NA,NA,NA,NA,NA,NA,NA,NA,NA
https://www.familydollar.com/locations/ga/savannah/28382/,NA,NA,NA,NA,NA,NA,NA,NA,NA,NA,NA,NA
https://www.familydollar.com/locations/ga/social-circle/23144/,NA,NA,NA,NA,NA,NA,NA,NA,NA,NA,NA,NA
https://www.familydollar.com/locations/ga/soperton/22665/,NA,NA,NA,NA,NA,NA,NA,NA,NA,NA,NA,NA
https://www.familydollar.com/locations/ga/stone-mountain/32411/,NA,NA,NA,NA,NA,NA,NA,NA,NA,NA,NA,NA
https://www.familydollar.com/locations/ga/stone-mountain/28346/,NA,NA,NA,NA,NA,NA,NA,NA,NA,NA,NA,NA
https://www.familydollar.com/locations/ga/sylvester/32851/,NA,NA,NA,NA,NA,NA,NA,NA,NA,NA,NA,NA
https://www.familydollar.com/locations/ga/unadilla/29366/,NA,NA,NA,NA,NA,NA,NA,NA,NA,NA,NA,NA
https://www.familydollar.com/locations/ga/washington/20240/,NA,NA,NA,NA,NA,NA,NA,NA,NA,NA,NA,NA
https://www.familydollar.com/locations/ga/waynesville/28287/,NA,NA,NA,NA,NA,NA,NA,NA,NA,NA,NA,NA
https://www.familydollar.com/locations/ga/willacoochee/32820/,NA,NA,NA,NA,NA,NA,NA,NA,NA,NA,NA,NA
https://www.familydollar.com/locations/ga/wrens/32481/,NA,NA,NA,NA,NA,NA,NA,NA,NA,NA,NA,NA
